job,375,8052
job,248,8052
job,8996,8502
job,9224,replace_8525
job,25,8060
job,8525,replace_51
job,51,replace_7908
job,8554,8994
job,9179,8406
job,7908,replace_8780
job,8780,replace_6
job,9002,66
job,9003,8371
job,6,replace_8759
job,9008,replace_9009
job,9174,replace_9009
job,8557,replace_9009
job,9171,replace_88
job,471,9013
job,472,9011
job,139,9011
job,140,8389
job,9012,8389
job,103,replace_111
job,111,replace_347
job,8634,replace_347
job,7961,replace_8870
job,8870,replace_8893
job,8893,replace_8580
job,8580,replace_9189
job,8165,306
job,8985,306
job,8984,306
job,9189,replace_9133
job,9133,replace_8107
job,8075,replace_8066
job,8045,replace_126
job,8090,133
job,8148,replace_8855
job,7941,replace_9196
job,8808,141
job,150,replace_149
job,8835,84
job,349,84
job,9173,replace_8351
job,8886,8129
job,156,8129
job,5656,9107
job,8357,8359
job,8607,7954
job,9218,173
job,8850,173
job,9215,8449
job,9105,8935
job,300,8630
job,7920,8630
job,176,8630
job,285,7886
job,8036,8779
job,7880,198
job,8637,238
job,8952,238
job,8829,238
job,250,249
job,251,249
job,8653,249
job,9191,480
job,9199,replace_8018
job,9198,replace_8018
job,9181,8419
job,Z51,8419
job,8415,245
job,7911,8013
job,8110,9178
job,9204,9178
job,9020,8743
job,9033,8914
job,8715,replace_8721
job,8784,replace_353
job,8450,replace_8734
job,8837,8027
job,8734,replace_8392
job,8954,replace_8392
job,425,784
job,8968,9046
job,432,431
job,8751,431
job,8423,431
job,438,replace_437
job,437,replace_437
job,8383,replace_437
job,36,replace_437
job,9206,8927
job,114,454
job,367,replace_368
job,370,replace_368
job,369,replace_368
job,462,replace_292
